{
    "id": "7_dxu2_dx6_dt2_srcdx3_val",
    "input_dir": "/work3/nibor/1TB/input2D_FA",
    "output_dir": "/work3/nibor/data/deeponet/output2D_FA",
    
    "tmax": 16.9,
    "normalize_data": true,

    "f0_feat": [1.458,0.729,0.486],
    "iterations": 80000,
    "decay_steps": 2000,
    "decay_rate": 0.90,
    
    "__comment1__": "total batch_size is a multiple of branch and coordinate sizes",
    "batch_size_branch": 64,
    "batch_size_coord": 200,
    
    "learning_rate": 1e-3,
    "optimizer": "adam",
    
    "branch_net": {
        "activation": "sin",
        "num_hidden_layers": 2,
        "num_hidden_neurons": 2048
    },
    "trunk_net": {
        "activation": "sin",
        "num_hidden_layers": 2,
        "num_hidden_neurons": 2048
    },
    "num_output_neurons": 100,

    "training_data_filename": "rect_freq_indep_ppw_2_6_2_3_train.h5",
    "testing_data_filename": "rect_freq_indep_ppw_2_4_2_from_ppw_dx5_srcs33_val.h5"
}